A ski-shop owner reluctantly moves himself, his wife, and his daughter in to an estate as live-in help for an elderly widow. While struggling to balance his career and family life, he has recurring dreams about an angel.
Television movie updating Charles Dickens story, A Christmas Carol.Businesswoman Ebenita Scrooge treats her employees and customers poorly. She has no time for Christmas or the holiday spirit. On Christmas Eve, she is visited by the ghost of her dead partner Maude Marley and then by other spirits who remind her of her happy past and chronicle the bitterness and greed that have taken over her life. At last, she is shown her own death and funeral. No one is there to mourn her. This revelation shocks her into opening her heart and her checkbook.
A lonely teen troubled by a past family tragedy is suspicious of his sister-in-law, believing she is being unfaithful. His confrontation with his brother sets off a series of tragic events.
A miracle occurs for a homeless family consisting of two wayward children and their protective aunt with the help of an angel. When a young womans niece and nephew are threatened with foster care after her sister is hospitalized following yet another overdose, she flees with them until they land in the sleepy town of Bethlehem just before Christmas and a series of kindnesses and coincidences gives the trio a chance at happiness.
In this magical story, a scientist sets out to prove that reindeer can fly and along the way discovers the true meaning of faith, family and Christmas.
While delivering toys, Santas son (Nick Stabile) is arrested for trespassing. Dispirited, he turns for help to a public defender (Lauren Holly).
The Snow Queen is a powerful story of friendship and the triumph of love over wickedness. The story follows a young woman who is forced to battle the wicked snow queen in order to save the soul of the man she loves.
Two separate stories mesh - in the first, a young music teacher, Maggie Andrews, begins dying of a heart condition and her son Nathan tries to get a pair of Christmas shoes for her before she dies. In the second, lawyer Robert Layton and his wife Kate are slowly drifting apart and the matter comes to a head during Christmas when Kate takes over for Maggie for the school choir.
The Boyajian family learned of -year-old Johns death in the Persian Gulf War on Christmas Eve eleven years earlier and have not celebrated Christmas since. They have been so consumed by his death that they have forgotten the joys of the holidays, until a mysterious visitor enters their lives and rekindles the spirit of the season.
When a photojournalist photographs a mysterious stranger performing an act of bravery, the act quickly becomes headline news and the town dubs the stranger John Christmas. After seeing the photo, Kathleen McAllister becomes convinced that the mysterious stranger is in fact her long-lost brother Hank. With the towns help, Kathleen and Noah set about to find the strangers true identity with the help Max, a Christmas angel.
When his father dies, Terry (Gary Sinese) returns to the house where he grew up, planning to stay only long enough to clean and settle the estate. Yet something indescribable keeps him there longer than expected. Soon, he is reunited with memories and people from his past and his life is changed forever.
Carol Cartman, a tempestuous talk show host, is a high-heeled, high-maintenance Scrooge. This insensitive, self-centered and stingy woman is about to experience a holiday she'll never forget.
A wealthy and successful career woman gets a second chance in life when a magical wish transports her back in time eight years to when she walked away from her fiance to lead a business life in New York.
Nicks plan to let fate bring his wife to him must be altered because he must replace his father as Santa Claus on December . Ernst, the right-hand man to several generations of Santas, generates a list of potential mates. Nick dutifully sets off to meet them, but fate may have a candidate after all.
Sisters separated by a lifetime of misunderstanding and their family desperately in need of healing old wounds, find themselves brought back together on one amazing Christmas.
Because she is marrying the man who assumed the mantle of Santa Claus last December , Beths postponed wedding has to be rescheduled for Xmas eve. Overwhelmed by selling the house she and her son share and the prospect of the duties of Mrs. Claus, she has to call on her estranged socialite Grinch of a mother to arrange the wedding. Of course her mom has never met the fiancé nor his family and has no inkling of his secret. This is a sequel to s Single Santa Seeks Mrs. Claus.
When his wealthy grandfather finally dies, Jason Stevens fully expects to benefit when it comes to the reading of the will. But instead of a sizable inheritance, Jason receives a test, a series of tasks he must complete before he can get any money.
Sergeant Cody Cullen is deeply touched by an homemade Christmas card he receives while serving in Afghanistan. Upon his discharge, he treks to the picturesque California town of Nevada City. Cody is soon welcomed into the Spelman home and unexpectedly falls in love with the woman who sent the card, Faith.
Determined to unseat Steve Finchs reign as the towns holiday season king, Buddy Hall plasters his house with so many decorative lights that it'll be visible from space! When their wives bond, and their kids follow suit, the two men only escalate their rivalry - and their decorating.
An old-time movie-star singer/ hoofer rebonds with his estranged daughter and -year-old granddaughter.
Tis the season for making dreams true. If everything goes according to plan for one young boy, he just may be sharing this Christmas with a new dad. Ever since her husband died, Sarah Armstrong has divided her time between working at a community center and caring for her nine-year-old son, Jesse. When Jesse wins the All I Want for Christmas contest sponsored by a toy company, his wish comes as no surprise to find a new dad. Just in time for the holidays, All I Want for Christmas is a surprise romantic treat for anyone who believes in the magic of love, friendship, and family.
Five-time Emmy nominee and Golden Globe winner Henry Winkler stars in The Most Wonderful Time of the Year, the story of what happens when you open your heart to the power of Christmas. Disenchanted single mom Jennifer Cullen (Brooke Burns) is a Scroogette when it comes to anything Christmas. In fact, even her six-year-old son, Brian, is having trouble believing in Santa Claus. But when her Uncle Ralph (Henry Winkler) visits and brings a fellow passenger from his flight named Morgan Derby (Warren Christie), Jennifer s dubious heart awakens to the possibility that perhaps Christmas really does hold miracles. It s uplifting and laugh-packed and a story that will inspire the whole family to believe.
After three years, Nicks estranged daughter Holly returns home to find the spirit of Christmas in Santaville has dwindled, taking the family business with it. What starts out as an attempt to bail out her dad, ends up rekindling Hollys belief in Christmas all over again.
Pediatrician by day, single mom by night, SARAH invites her estranged husband, PETE, back to their suburban home for the Holidays on one condition: he must reconcile with their daughters before she agrees to finalize a trial separation with divorce.
Set in the s, Christmas in Canaan is a drama about a black family and a white family that learn to love each other out of their Christian beliefs.
Jack Green inherited a southern Californian horse ranch and an all-natural toy factory in the barn. With his wife Cherie, he accepts taking in the three 'holy terrors from his bossy aunt Ritas orphanage during renovations, until the holidays. Resourceful Mike and his buddies, Henry and Ray, prove handfuls, but Jack proves father-potential.Will the trio find a real home for Christmas?
A developmentally challenged young man with a penchant for caring for animals in need sets out to convince his family - and their whole rural community - to participate in a local shelters inaugural Adopt a Dog for Christmas Program.
A teenager has his Sitka Spruce tree chosen to be planted outside the White House as the new national Christmas Tree.
Overwhelmed widower Seth Webster is searching for a housekeeper to help him with his unruly six year old twin sons. Mrs. Miraclemysteriously appears and quickly becomes an irreplaceable nanny, chef, friend... and matchmaker.
A young father asks for pumpkins at the local farm stand. In August? No.the farmer replies. The farmer ruminates on the odd request and gets involved with strangers for the first time since his sons death long ago.
Bob and Stu are former best friends who still hold a grudge from an argument they had when they were teenagers. Now, they hope to settle the score with a different kind of competition: who can out-bulb the other in their town’s annual Christmas decorating contest.
A skeptical journalist is assigned to chronicle the th anniversary of Kris Kringle, a Santa Claus in the town of Mistletoe. As her involvement in the town grows, she begins to open up to the enchantment of Christmas and some other wonders of the season.
A newlywed couple burdened with economic hardship decides not to exchange Christmas presents to save money over the holidays. Secretly, they make sacrifices to buy the other a special gift.
Drake Hunter, the president of Hunter Marketing, has the perfect plan to boost sales for his fathers toy company over the holiday season--hire department store Santas to promote his fathers merchandise. When the real Santa Claus turns Drake into a Santa lookalike, Drake finds himself working as a dress-up Kris Kringle to make ends meet. Stripped of power and position, Drake discovers the importance of honesty, compassion, and respect as he helps an unprivileged girl enjoy the magic of Christmas. Stars Kevin Sorbo.
An urban family that can’t seem to get along gets stranded in a remote, impoverished lumber town two days before Christmas. When they become involved in the town’s home-grown Christmas pageant, they not only help solve the town’s problems but learn to connect with each other just in time for the holidays.
When Santa sets off on his Christmas duties a day early, crashes into the Fox familys house, ends up with amnesia and loses his magic sack of presents, he needs help! But the Fox family are a modern and broken family. Can they help him? The parents are preoccupied with work and the kids aren't very festive. But its up to them to help Santa find his magical bag of toys and the clock is ticking or Christmas will be ruined. Forced to set their own problems aside and work together the Fox family rediscover how much they enjoy being together and realise that maybe they need to reprioritise their lives. The Night Before The Night Before Christmas is a crazy Christmas fantasy for all the family, brimming with festive spirit.
During a ride on his sleigh Santa is mistaken for an alien in a UFO. After an attack, he ends up seriously injured in a small town. Two children must help him, so Christmas is not jeopardized.
Mrs Merkle (or Mrs. Miracle as she is know by some) finds herself in a toy department of a department store that is having all kinds of financial problems, but leave it to this kind lady as she will get the Christmas spirit flowing very freely at this store.
Lucky Christmas is the story of Holly Ceroni, a single mom trying to get back on her feet, but who is crushed to learn her winning lottery ticket is in the glove compartment of her recently stolen car. Mike Ronowski, the construction worker behind Hollys missing property, goes along with a master plan to befriend Holly and coerce her into giving him half of her winnings. Mike unexpectedly falls in love with Holly and learns there are more important things in life than quick money in time for the holidays.
Emily (Faith Ford) misses her daughter Heather (Emma Lahana), who is attending college in Boston. Since her father died, Heather is sensitive to her mom’s dependence on long-standing holiday traditions. This Christmas, Heather has planned a trip to Phoenix with her boyfriend, but tells her mother she is staying on campus to study.After Emily arranges a house-swap with Charles (Tom Cavanagh), an English professor from Boston who wants Washington State’s solitude in order to finish his novel, Emily hops on a flight to Boston to surprise Heather for Christmas. Unaware of the house swap, Emily’s best friend, Faith (Gabrielle Miller) walks in on Charles at Emily’s house and in Boston, Ray, Charles’ brother (Gil Bellows) responds to acall only to find Emily at Charles’ condo. Will Christmas travel calamities lead to cross-country romances? Or have there been one too many surprises already?
Jennie Garth of stars as Susan, an unemployed Los Angeles museum curator and widowed single mom temporarily living in a small California town with her three sensitive sons. Jake (Brad Rowe of General Hospital) is a single dad of two tomboys who owns a local winery. When Susans dog Rusty (voiced by Jay Mohr of Ghost Whisperer) falls for Jakes poodle Cheri (voiced by Nikki Cox of Las Vegas), these canine matchmakers help their owners fall in love too. Now with a Christmas Day wedding to plan -- and major complications threatening to unravel it all -- can two mismatched broods find a way to make one happy family? Tom Arnold and Catherine Hicks (Seventh Heaven) co-star in this heartwarming holiday film from the producer/director of The Dog Who Saved Christmas Vacation and Your Love Never Fails.
While still mourning the loss of her husband and daughter, recently widowed Ellie King visits her brother Aaron Davis and his children for Christmas. Ellie does her best to enjoy the holidays, even making new friends with Mrs. Thompson, a local shop keeper, and handsome admirer Deputy Strode. Settling in nicely with her brothers family, Ellie also meets Erik, a young man abandoned by his outlaw father whom Aaron has taken in as one of his own. When Aaron travels out of town to purchase adjacent land for farming, Ellie agrees to watch his children, but the season’s festivities are threatened when Aaron goes missing.
Rebecca, Mrs. Claus (Tedde Moore) is worried that her exhausted, workaholic husband (Mairtin O’Carrigan) has lost his holiday spirit. She believes she can help him recapture his bliss and secretly heads to the one place she knows the spirit of Christmas must still exist: New York City, where she first fell in love with Nick.In a crowded New York diner, Rebecca befriends Joe (Greg Bryk), a caring cop who is worried about this kindly grandmother, who’s alone and low on funds. Joe reveals he and his wife Lucy (Tricia Helfer) are in the middle of a divorce. Sensing that Joe is still very much in love with his wife, Rebecca agrees to work temporarily as the family’s nanny until Christmas.To Rebecca’s delight, by healing Joe and Lucy’s family, she shows Santa that Christmas miracles are still possible and his job’s more important than ever!
Thirty-something Hillary Burns has spent her life trying to get the approval of her parents, most specifically her judgmental mother, Meredith Burns, thus far without success. Part of that approval for Hillary is to marry the right man. Thats why Hillary is so happy that she is engaged to successful lawyer Jason King, who she will bring home to meet the family for the first time at their Thanksgiving get-together weekend in a weeks time. However, Hillarys life starts to fall apart when simultaneously she loses her part-time newspaper writing job when the newspaper itself folds, and Jason dumps her as he tries to focus on his career which is seemingly more important to him than Hillary. On the advice of her best friend Sophie, Hillary - who feels she can't go home without Jason, especially as her two sisters lives seem to meet their mothers approval - decides...
This year, Santa’s daughter takes her first trip away from the North Pole during the Christmas season hoping to find adventure and love in sunny California. While Santa watches his daughter through a magic snow globe, Annie arrives in L.A. and becomes friends with the owner of Candy Cane Inn, Lucy, and her daughter, Mia. She also quickly lands a job at Wonderland Toys. Wonderland Toys’ owner, Ted is struggling to stay in business selling old-fashioned toys in a digital world. Annie soon realizes that she wants Ted’s business to thrive because she has feelings for this Christmas traditionalist.
When Bobber undergoes experimental surgery to help him walk again, Daniel Burton falls in love with his beautiful rehabilitation doctor and invites her to spend Christmas at the farm.
MARTHA EVANS has been abandoned by her ne'er-do-well husband, who took all their cash and left her homeless and virtually destitute with her two daughters and stepson. Martha leaves town in hopes of finding a job and a place to stay, she finally finds a job at a sleepy rural diner, formerly famous for its home-made root beer. But with her car broken down and the bills piling up, it looks like its going to be a bleak Christmas for the Evans family. However, there are warm hearts working behind the scenes that ultimately make this the happiest holiday of Marthas life -- a real answer to her prayers
The Christmas Board of Directors has decided to cancel Christmas since children everywhere have lost the true spirit of giving. But Santa Claus, not willing to give up his favorite holiday without a fight, demandsdays to prove them wrong. The board assigns him what seems like an impossible mission: he must change the hearts of two self-absorbed kids and make them see the true meaning of Christmas.
Told in flashback from the perspective of Megan, the storyline unfolds when her commitment to faith and family is renewed after reading the blog of Julie Locke, the online journal that Julie kept after hermonths old Dax was diagnosed with Acute Myeloid Leukemia (AML).
An up-and-coming attorney risks it all to help defend Santa when Christmas is in jeopardy of cancellation.
The story of driven, heartless, publishing executive, Carol Huffman, who on Christmas eve is visited by the ghost of her former boss, Eve. Eve tells Carol that she has lost sight of the things that are truly important in life and that she is there to show her the error of her ways. Eve explains that normally there would be three ghosts for the job but due to budget cut backs she is in charge of Carols journey through her past, present and future.
Although she loves Christmas, Santa’s elf Christine (Summer Glau) wonders if there could be more to life than making toys in the North Pole. When Santa receives an emergency wish from a little boy in Los Angeles, he puts Christine on a special assignment, sending her to L.A. to give the VanCamp family—mom Sara (Eva La Rue), dad Scott (Dan Gauthier), and their two kids Ally (Izabela Vidovic) and Will (Mason Cook)—a holiday wake-up call. Will Christine fail her assignment and be sent back to the North Pole for good, or will the VanCamps come to their senses about the meaning of Christmas?
When a pair of feuding colleagues, Kyle and Jenna are thrown together after their siblings, Jim and Trisha fall in love, they have to learn to get along in time for their nephews birth on Christmas. Realizing Jim and Trisha have major money troubles, Kyle and Jenna band together to help and end up on a snowy New York adventure that will prove miracles really do happen at Christmas.
After being dumped at the alter on her wedding day, Maggie Conway moves to the island town of Friday Harbor in Washington State, where she meets Mark Nagle, the local coffee shop owner.
While working on a class assignment to write a paper on “My Impossible Christmas Wish,” Olivia Mead quickly takes note of unusual happenings. As her wishes come true, she is convinced the miracles are linked to a mysterious woman she believes is an angel.
Jack (Andrew McCarthy) is an executive in a financial brokerage firm trying to impress the firm’s president, Drew Clayton (Chris Gillett), in hopes of a promotion. However, Jack is dating the fabulously rich and elegant Demi Clayton (Stephanie Mills), who happens to be Drew’s daughter. Although Demi’s mother Clarisse (Jane Moffat) doesn’t necessarily approve of Jack and would prefer her daughter to date a man within their social circle, Jack still plans on proposing. Trying to create the perfect proposal, Jack signs up for dance lessons in preparation for his proposal to Demi at her father’s lavish annual Christmas Dance. But when sparks start to fly between Jack and his dance instructor, Christine (Michelle Nolden), Jack will have to make some important decisions before it is too late.
As a little girl, Melanie Hogan wished to find her own prince charming just like her parents found true love.Now an adult, Melanie is running her own bakery and dating a handsome CEO, Justin. Although things seem perfect when Justin asks Melanie to spend the holidays together at his beautiful lake house upstate—and meet his mother. Melanie finds herself spending more time with Justin’s best friend and loyal assistant, Dean, who just might be harboring a secret crush on her. When complications arise that throw Melanie and Dean together over the holiday, will the two realize they're meant to be?
Krissy Kringle receives a delivery intended for Santa Claus.A magical book that shows if a person has been naughty or nice.She uses the books power to find out about those around her, which leads to some very unusual and unintended results.Krissy realizes that everyone has some good and some not so good in them.
An overlooked middle child finds himself in the unexpected spotlight when he realizes his familys terrible Christmas day keeps repeating. As the only one experiencing the day over and over, he decides to use his unique gift to give the holidays a makeover and his family a Christmas they will never forget.
Nikki Crandon is one of the biggest pop stars on the planet. Whether shes singing the National Anthem or promoting her latest album, everyone knows who she is—none more so than New Jersey high school basketball coach and widower Chris Mitchell, who was Nikkis first love in high school. When Chris -year-old daughter Sophie finds out her dad still has feelings for the singer, she takes matters into her own hands. With her -year-old brother Jackson in tow, Sophie succeeds in reuniting the two. But when a misunderstanding and the growing glare of the public spotlight threaten Chris and Nikkis happiness, one can only wonder: will fame get in the way of a Merry Christmas?
Newly widowed Kathy plans to skip out on decking the halls and trimming the tree this Christmas, trying to avoid anything that will bring back memories of her late husband. When Kathy meets handsome Christmas tree shop owner Tim, their undeniable chemistry—along with an ornament Tim gives her that symbolizes hope—helps Kathy open up to the joys of the season again.
Single mother Ryan has just about given up on dating after her divorce, happily accepting her young son as the most important man in her life. That all changes when Ryans brother Owen, also feeling unlucky in love after a bad breakup, swaps his home in their small North Carolina town with New York City adman Sean.
While coming to terms with his dads recent passing in a tractor accident, -year-old George McCray is living with his grandparents on their Kansas farm. George misses his mom, Jill, who has moved to Minnesota to deal with her grief, but there is the promise of their reunion at Christmas. George feels needed on the farm as he helps his grateful grandfather Bo with daily chores and comforts his grandmother Cora. He has also made friends with Mary Ann and became attached to Tucker, the smart and friendly dog the McCrays take in when his troubled owner Frank Thorne lands in jail.
Duncan Mayor decides the perfect Christmas present for his terminally ill wife, Suzy, is a ride on a real Ferris wheel, set up in their very own back yard. As a young man, it was the perfect place for a wedding proposal. Now, years later, in order to relive the experience with his wife, Duncan will go to any length to make their fantasy become a reality.
When marketing executive Elise MacKenzie decides to help sell Christmas trees at her family’s Christmas tree lot, she discovers a newfound fondness for the holidays. But all could be lost when the store owner who hosts the tree lot on his block wants to shut it down, and it’s up to Elise to find a way to rekindle his Christmas Cheer.
An overly win-driven sportscaster goes too far and must perform community service during December as a bell-ringer for the Salvation Army.
With the Christmas season fast approaching, department store window decorator Sloan Van Doren is hoping to take over the recently-vacated head window designer spot but finds she has to prove herself by going up against rival Jake Dooley. As the two compete they find they may have more in common than they think. Stars Chyler Leigh and Naomi Judd.
A resort executive is sent to a newly purchased lodge in Maine with instructions to turn it in to an ultra-modern resort, and finds a charming, successful lodge loaded with holiday spirit. Will she stick with her boss’s plans to tear everything down or find a way to save what she has come to love? Stars Candace Cameron-Bure and Alan Thicke.
Charlotte Hart, a distinguished journalist, is spending time with her family over the holidays when a real estate developer approaches their small town with quite an offer. Skeptical and looking for the real scoop, Charlotte drives to see the real estate head honcho to question him. While shes en route, she gets into a terrible car accident and wakes up in the hospital only to realize that her body is in a coma, but her spirit is very much awake. She meets another spirit, who just happens to be the greedy developer. It turns out that he was on the other end of the accident and he too is in a coma. With only a few days left before the town votes on the development, Charlotte must try to change the minds of the developer and the town, but that is no easy task when no one can see or hear her. Will her voice be heard?
As a child, Michael Walker wished every day could be Christmas. That is, until a tragic accident crushed his holiday spirit. Thirty years later, Michael still can't muster any joy for the holidays, despite encouragement from his playful wife and well-intentioned parents. But when his young son faces a tragedy, Michael needs to make amends with his past. A mysterious man named Nick gives Michael a gift and instills in him the courage to find the joy that he lost.
When a reporter encounters the eldest son of a famous political family at a mountain retreat, she winds up pretending to be his girlfriend over Christmas so he can save face with his family. Should she secretly expose newsworthy scoops about the famous family in order to save her job, or trust that shes falling in love for real? Stars Patricia Richardson and Katrina Law.
Mia (Duff), the loyal and hard-working manager of her small towns Christmas hat shop, is blindsided when her boss of over ten years asks her to train his son, Nick (Cupo), for a vacant upper-management position that Mia had been coveting. Although Nick is a handsome, successful New York City business consultant, Mia finds training him frustrating until Nick takes an interest in Mias son Scotty, helping Scotty with a pumpkin carving contest. However, Mias faith in Nick quickly diminishes when Nick fails to show up at the contest. To protect her son from further disappointment, Mia tries to keep Nick out of her and Scottys fragile life, and Nick must decide if staying in the small town of Wilsonville is worth giving up the big-city perks he once had in New York. As Mia struggles to find a way to convince Scotty to return to physical therapy so he can walk again, she soon realizes that Nick may be the Christmas miracle she has been waiting for.
A struggling dad gets a new start after a strange encounter replaces his mall Santa gig with the real thing.
Shop owner Alice Chapman is nervous to meet her future in-laws at Christmas, especially because she is arriving ahead of her new fiance Will Mitchum. Alices trip becomes more stressful when her luggage is lost and her phone is damaged, leaving her no way to find Wills family!
Sally Brown, a successful childrens book author and Army widow loses her late husbands German Shepherd, Buddy, only to later find him adopted by a new family - single father Mark Green and his teenage daughter Emma. Each finds a sense of Christmas spirit as they struggle to decide with whom the dog really belongs.
Two longtime rivals and elementary school teachers duke it out during the holidays in a Christmas cookie bake-off, but their real feud ignites over a shared interest in a handsome single dad. With both determined to win the prize and the romance, their competitiveness could jeopardize what matters most this Christmas season.
Northpole, the magical city where Santa and his elves live and work is in trouble. Families around the globe have gotten too busy to enjoy the season together, and Northpole depends on their holiday happiness to keep running. In the hopes of turning things around, a determined young elf befriends a little boy with a lot of spirit. His skeptical journalist mom doesn’t have room in her heart for anything but the facts, so it’s going to take a little nudge from his charming teacher to create an unbeatable Christmas team to turn around this town and share the importance of the season with the whole world.
A series of mishaps threaten a recently divorced moms attempts to make her two kids first Christmas without dadperfect.
A young working girl with a blue-collar background is surprised when her new fiancé announces he is actually a prince of a small sovereign country in Europe. After the couple quickly takes off to spend the holidays at his family’s sprawling, royal castle, she must work hard to win over her disapproving and unaccepting future mother-in-law—the Queen—and find out if love truly can conquer all.
With the holidays approaching, a young party planner arranges a special Christmas party for a New York toy store. When a powerful corporation threatens to shut her down, she decides to follow her heart, moving forward with the party plans and finding true love in time for Christmas.
When a driven doctor doesn't get the prestigious position she planned for, she unexpectedly finds herself moving to a remote Alaskan town. While she meets the locals and even starts a new romance, she has to learn to let the life she planned for give way to a love she never could have imagined, and finds this festive small town is hiding one big holiday secret.
An aspiring astronomy professor finds unexpected Christmas romance when she meets a charming cowboy during her holiday travel. As she decides between this new cowboy and her practical boyfriend, she must decide whether its better to play it safe in love, or let an adventurous cowboy steal her heart.
After cancer claims Matt Kells life on Christmas Day , his widow, Gina and two young boys are left to cope with the pain of his loss while their close church community gathers around them for support.
A popular network morning host finds herself humiliated on the air by her fiancé and disappears to a small town. While there, she helps a budding artist save a community art center for the towns kids, by helping them with their float for the annual Christmas Parade.
With Christmas approaching, a handsome fireman afraid of commitment adopts a stray cat and meets a beautiful veterinary student who challenges his decision to remain a confirmed bachelor.
With a duty to deliver every last letter before Christmas, the beloved quartet of post office detectives—Oliver, Shane, Rita and Norman—are working around the clock to redirect Santa’s mail just as Oliver runs into his former Sunday school teacher. When they receive an emotional last-minute plea not meant for Saint Nick, but instead written to God, they must delay their own travel plans to make sure one little girl doesn’t lose her Christmas joy—something Oliver and Shane are also struggling to find as they each face painful holiday memories. With a little guidance from a mysterious post office volunteer, Jordan, the Postables are more surprised than anyone to discover they've been a part of more than one miracle on this Christmas Eve.
Corrines holiday season gets an unexpected dose of romance when she meets the mysterious Harold, who is on a deadline from a higher power to help Corrine find her true love by Christmas Eve. As the clock ticks down to Harolds deadline, Corrine must decide if she will open up to Christmas love.
Heavenly angel Harry Mills is sent to Earth on a trial assignment to intervene in the life of a woman who needs help getting her life on track after the death of her father. With a deadline of Christmas day, he attempts to help her heal in order to embrace a new future, and an unexpected love, just in time to celebrate the miracle of the holiday season.
With Christmas approaching, a struggling single mom finds herself working as a department store Santa Claus, as a real-life angel delivers good fortune and the possibility of holiday romance.
When an actual, honest-to-goodness royal princess runs off from her official obligations and duties for a couple of days to see how the other half lives, she winds up falling for a good Samaritan who is unaware of her real identity during the holiday season. Will her true love still feel the same way once he learns the truth?
Maggie Chalke is torn between her journalistic integrity and helping her long time crush Mitch O'Grady when her boss orders her to write a story for the paper about the Secret Santa gifts shes been sending Mitch to help him relearn his love for Christmas.
Lindsay is faced with a life-altering decision as Christmas approaches: Stay in her tiny hometown and marry boyfriend Jason or accept a coveted post teaching at an Ivy League college on the other side of the country. What to do? Fortunately for Lindsay, she has some big-time help in the form of a magical messenger who is able to transport her three years into the future to see how it would all turn out.
Susan is a newspaper staffer who decides to generate some Christmas spirit by writing an article about her family’s storied -year-old, hand-carved, heirloom Christmas angel. This leads her to accidentally meet Brady, a cute, upbeat artist who insists that he and Susan become fast friends (at least). It turns out that this angel also has the spiritual power to bring people together – as it seems to be doing with Susan and Brady. What’s behind this enchanted ornament? As time moves on, more about this captivating artifact is revealed.
A bubbly bride-to-be’s Christmas plans take an unexpected turn when her holiday flight to New York is detoured and she encounters a cynical bar manager who has lost his faith in love. As she scrambles to make it back east for Christmas—and plan her upcoming wedding—she begins wondering if she’s marrying the right man, and learns a surprising lesson about love.
When Anna Parisi, an unemployed fine arts painter, is unable to make ends meet, she is hired to become a personal Christmas shopper for Marc, an uptight corporate exec.As they begin working together, Marc learns that Christmas giving has less to do with the amount of money spent and more to do with the importance of the gift, while Anna discovers she might find success as an artist in a way she never expected.The best gift of all of course is the love they discover with one another.
Brie Traverston is up for partner at her firm if she can successfully coordinate a Christmas wedding reshoot and ignore all the feelings that come with working with the one-that-got-away Eddie Chapman and his possibly new girlfriend Isabella.
Jules has just inherited a quaint magical Christmas-themed village and Christmas tree farm bequeathed her by her grandmother. She plans to sell it and use the profits to buy her dream home in New York City. But the longer Jules stays on the farm and the more she learns how important Christmas Land has been to so many families, the more Jules starts to question her motives to sell.
Sometimes, life just seems to hand you exactly what you need – particularly at Christmastime. Riley is scraping bottom when she miraculously lands a job with a wealthy New York City entrepreneur. He’s a bad-boy socialite type who is poised to play Scrooge by closing one of his factories just before Christmas, which would devastate an entire town. It’s left to Riley to talk him out of it and turn him into a man of virtue rather than shame.
Holly finds her world turned upside-down when she suddenly finds herself incapable of lying. (Don’t you hate when that happens?) It’s because of a wish her niece made to Santa Claus. And now, with Christmas coming up fast, she has to come to terms with her natural penchant to want to fib while trying to do the right thing. And that’s no lie.
Meredith Rossman has made Rossmans Department store her entire life, not leaving any time for Christmas or romance.But when she is roped into donning the stores antique Mrs. Claus outfit to play Mrs. Claus at Rossmans famous Santaville, her life takes some unexpected turns. Through the help of the suit and the charming store Santa, Nick, Meredith rekindles her love of Christmas, the store, their employees and possibly even begins a new love with Nick.
After starting her first job at a country club restaurant, Callie’s passions for cooking and ice sculpting are met with romance and Christmas spirit when a childhood friend enters her into the club’s annual Christmas ice sculpting competition without her knowledge.
An out-of-work New York City actress returns home to the quaint small town she escapedyears before and finds a place far different than the hamlet she left. She suddenly finds performing possibilities and even romance that kind of blow her away.
At the height of her career, investigative journalist Hannah Dunbar finds herself wondering what would have been had she stayed with the love of her life, Ben,years before. When Santa Claus hears her “what ifs?” as a Christmas wish, he transports Hannah to a version of her life where she and Ben started a family.
A successful businesswoman, Mackenzie, inherits her beloved aunts inn, and chooses to restore the hotel to its original grandeur only to sell it right before Christmas. Unbeknownst to Mackenzie, she receives some unexpected help from a team of elves headed by the cheerful Clementine, who helps Mackenzie rediscover the true meaning of Christmas.
When two type-A single parents battle it out for control of the Christmas holiday at their kid’s middle school, they get more than they bargained for when they learn a little something about the true meaning of Christmas, while opening themselves up for the possibility of a new romance.
When her niece is cast in The Philadelphia Ballet’s production of the Nutcracker, a jaded ex-ballerina is forced to come to terms with the life and love she left behind.
Maddie, a high-powered marketing executive, is on her way to a client’s wedding but her plans are derailed by car trouble. When a fork in the road leads her to Christmas Valley, a town in love with Christmas, an unexpected encounter and a group of strangers that start to feel like family will have her questioning what she’s really been missing in life.
Recently divorced, Laurel struggles to get into the holiday spirit while heading up her hometown Christmas parade. With the help of a Christmas sleigh and a handsome woodworker, Laurel is destined to turn her luck around, rekindle her holiday spirit and even find time for love.
When Alice, a beloved neonatal intensive care unit supervisor, is forced to take early retirement, her young colleague Jenny decides to turn the upcoming staff Christmas party into a surprise celebration for her. The plan is complicated by Matt, the hospital’s new CFO, who’s been tasked to cut costs. Initially at loggerheads, Jenny and Matt get to know and understand each other —a sweet Christmas gift neither saw coming.
Jackie Foster, a dynamic Assistant District Attorney and single mom, is looking forward to wrapping up her latest case and spending Christmas with Gracie, her adorable and precocious, eight-year old daughter. But when Jackie’s estranged dad, Jack , a gruff retired police officer, unexpectedly shows up at her door, they will be forced to confront old wounds.
When a restless young married woman is granted a wish by a Christmas Angel to be single again, she soon discovers her new life isn't what she bargained for, and embarks on a quest to win her husband back.
Lizzie is a young piano teacher working at a music school while trying to save enough money for a Steinway piano. The school is gearing up for their major Christmas fundraiser and she has committed much of her time to plan the event. One afternoon, she meets Brad who takes an interest in her playing and asks if she will teach his uninterested teenage daughter. She begins to break through to the young girl, and sparks begin to fly with Brad, but she is shocked to find out that his interest is not solely in her playing, but in the property that houses the music school. She sets out to save the school and the event, but can she work things out with Brad?
A harsh TV personality, Jennifer, needs a break from her own life, so she hops into a car and drives to a small town mountain retreat. On her way there a blizzard veers off the road and she crashes. When she comes to she has complete amnesia and a friendly passerby takes her in. As time passes she still doesn’t remember who she is and the friendly passerby, a widower himself with three kids, assimilates her into his family. But as she slowly starts remembering who she is, she prefers the new life she’s built in the small town.
As her new romance blossoms, a single mother, Olivia, is dismayed when her boyfriend, Scott, a military sergeant, is deployed right before Christmas. Determined to not let it ruin the holidays for her and her children they decide to give back to the struggling military families on his base and, as their efforts go viral, they are rewarded in ways they never imagined.
WWII has ended and Hanna is still grieving over her husbands disappearance. When the Christmas Comet appears for the first time inyears, Hanna is caught in a terrible storm and knocked unconscious. When she wakes up, shes in .
A hopeless romantic who can’t ever seem to give a guy a real chance begins receiving each of the Days of Christmas” as gifts anonymously at her door. As she tries to figure out who is sending the gifts, she begins to believe that the mystery suitor could finally live up to her expectations.
Isobel Gray plans a storybook Christmas with her boyfriend, including a snow-covered cottage in the Northwest, and a carefully composed bucket list of classic holiday traditions. But when the boyfriend goes AWOL, the list proves challenging and a tempting new romance turns her life upside down. Will Isobel have a White Christmas ending under the mistletoe?
Upon her untimely death, a workaholic finds herself in training to be a Christmas Angel in Heaven. Despite being the worst recruit in the history of Christmas, she’s assigned a hard luck case. As she’s forced to help solve his problems, she’ll start to discover the meaning of Christmas and maybe even fall in love along the way.
Fishing for direction in life, Elizabeth gets the opportunity of showing her dog in a fancy New York dog show. The judge, Donovan Darcy, comes across as aristocratic and rude, and a chain of misunderstandings unfold during the competition, complicating their attraction to one another.
Sara Shaw is the type of woman who prefers to sit on the sidelines at work, but when her big idea for a Christmas initiative is stolen, she makes a wish to Santa that she'll finally have the courage to stand up for herself. Santa grants her wish, but only gives herhours. As the clock ticks, Sara will discover how to channel the Christmas magic and speak her mind all on her own.
A chance meeting between two strangers who share a disdain for Christmas results in The Mistletoe Promise, a pact to help them navigate their holiday complications - together. But as they spend more time with each other and experience the magic of Christmas the phony couple discovers there may be more to their contract than business.
A TV personality has an on-air snafu and admits she hates Christmas. Following the debacle, she is invited to the Most Christmas-y town in America to try and repair her image. Forced to work with her ex-boyfriend Jack, the show’s producer, the magic of Christmas and this special town will change the way she views Christmas and her life.
Steve and Cynthia are a newlywed couple celebrating their first Christmas together. They invite their families to join them for the holidays, but when Steve is laid off just before Christmas and Cynthia discovers shes pregnant, they both keep their news secret in hopes that the celebration runs smoothly.
Christina Masters, the manager of McDougal’s flagship department store, is determined to land the manager position for their new Paris location. She sets out to impress Victoria, the store’s owner, by creating the best holiday display in McDougal’s history. Fresh out of inspiration despite assuring Victoria otherwise, Christina turns to a recently-fired store employee who also happens to be a talented artist and single dad to his young son. As they work side-by-side, the business relationship becomes personal and she finds herself falling in love. Will the allure of her dream be too strong or will she choose to follow her heart?
Aspiring interior designer Layla is dreading the Christmastime wedding of her cousin who’s marrying Layla’s ex-fiancé. Although Seth is the one responsible for introducing the bride and groom, she begrudgingly accepts his offer to be her date as she’s out of options. Seth gets carried away at the reception and announces they’re engaged, forcing a mortified Layla to keep up the pretense.
When the opportunity to co-host a talk show with the fabulous talk show diva Veronika presents itself two weeks before Christmas, Emily thinks this is her big break. To her surprise, she discovers she has stiff competition with Charlie, the local TV anchor who is her near equal on another station. With such interest and support for both reporters, a contest is created: for the two weeks leading up to Christmas, who can cover the best and most meaningful Christmas stories on the local news?
Jessica is one of the most famous actresses in the world, leading a glamorous – if tabloid worthy – life. But all that is thrown for a loop when she goes on location to shoot a holiday themed film in the Christmas-obsessed town of Homestead, Iowa. While a romance brews between her and Matt, a local inn keeper who is a single dad, she also gets a taste of small-town life and rediscovers the true meaning of Christmas.
Aunt Sallys Christmas Cookie Company is sold to a large conglomerate and executive Hannah must seal the deal and shut down the factory, which is the small town of Cookie Jars lifeblood. What was supposed to be a simple assignment for Hannah becomes complicated when she meets Jake, the factory owner whos determined to keep the factory in town. Despite not being a fan of the holiday, the Christmas spirit in this small town is infectious and she gets swept up in the joy of the season while also falling in love with Jake.
Lydia, a successful professional organizer, is constantly trying to grow her business, but even her ambition takes a back seat to love when she meets Robert, a frazzled widower with two young children. A toy inventor, Robert is asked to present his new Christmas toy line to a superstore. His challenge is he only hasdays to get his life and his business in order. Talk about a Christmas rush! Lydia shows Robert that this task goes way deeper than messy junk drawers and encompasses every aspect of his life. While she’s intent on helping him straighten out details he had long ignored, Robert teaches the buttoned-up Lydia that messiness can be a delightful part of life.
Eric Randall, an author of bachelor lifestyle books, is left in charge of his young niece and nephew for the holidays. Eric turns to his neighbor April, a lover of all things Christmas, for help.
Adventurous flight attendant Sydney’s plans for a tropical Christmas get delayed when she helps an unaccompanied minor get home to Chicago to her dad Jonathan, a handsome widower and investigative reporter. Faced with a shortage of out-going flights, Sydney is marooned for several days in the Windy City – once her home as a small girl — and tags along with Jonathan, his daughter, and their exuberantly festive family until she can find a connecting flight. Jonathan makes her a deal: he helps her chase down the story of how her late parents met, and she helps him to write the perfect Christmas story and keep his job, and along the way, sparks form between them.
When a reservation mix-up at a mountain resort forces a newly-single travel writer to share a cabin with a handsome widower and his precocious daughter over the holidays, their lives are transformed by the magic of Christmas and the unexpected power of love.
A loved one returns, Christmas spirit is renewed, and children’s wishes are granted in this heartwarming Christmas movie featuring the series’ beloved characters. Elizabeth’s fiancé, Jack, surprises her, coming on home on leave and bringing a young Mountie desperately searching for Christmas inspiration. The community of Hope Valley works together to aid this young man with the help of an enchanted Wishing Tree. And as mayor, Abigail is pretty busy. Recognizing that, her newly adopted son, Cody, engages classmates in creating the town’s annual Christmas Celebration. While Sheriff Bill Avery forges a relationship with the disgraced former mayor, Henry Gowen, Rosemary and Lee are reminded that family is the true meaning of Christmas .
An aspiring fashion designer falls in love with her socialite clients prospective fiance, Prince Jeffrey.
Tom Jacobs is Mr Christmas! Hes built an entire business around helping clients find the perfect gift. But what happens when he falls for one lucky recipient?
Pop superstar Adelaide Kay is so fed up with her controlling manager that she sneaks off the tour bus after their latest squabble. Though exhilarated to be free, she finds herself stranded in the freezing cold of a Pennsylvania winter, with no money and no plan. A local family, the Lapps, take her in. They know the true meaning of the season, even if they’re close to losing their dairy farm. No one in the family recognizes Adelaide except Dillon, the oldest son. He figures she’s the ticket to fast cash and plots to snap photos of Adelaide around the farm and sell them to the tabs. What he doesn’t plan, however, is their mutual attraction.
Maggie, a single mom has to balance between her career and her son, Jordan. Jordan finds a tutor named Casey to help him at school, and Casey becomes like a father figure. Will the three of them find happiness and love once again?
Just before Christmas, bestselling author Rachel Kennedy returns to her hometown to host an event for her upcoming book. Though being home is difficult since losing her parents and losing touch with her brother, David, she finds strength from unexpected sources, namely her local producer, Jack and a selfless stranger, Joy. Jack and Joy help Rachel connect with the community, reunite with her brother and reevaluate her motivational message. Rachel and Jack develop an undeniable bond, but Rachel is torn between their relationship and career pressure from her manager, Stuart. As the event approaches, Joy reveals a secret from her past that has a lasting impact on Jack, and Rachel must find a message that brings her fans — and herself – lasting joy.
Gabby Messinger, a Guardian Angel who has trouble following the rules and is known for meddling in the love live’s of others, is tasked by the Angel Michael to help the town of Angel Falls find its Christmas spirit again.
When Marie begins receiving ornaments from her mother, a new coincidental blessing comes with each one, causing Marie to feel more excited for the holidays than she has in years. Marie’s once-lost Christmas spirit gets another boost when she meets her handsome neighbor Nate and feels a spark with him while celebrating the season.
A struggling actress is cast in her last off (off) Broadway show - a modern take on “A Christmas Carol” - before giving up her dream and moving home. Instead, she finds romance with her director and a renewed passion for her craft and the city. But when the historic theater loses its lease and the show is set to fold, she and her cast mates are need of a Christmas miracle.
Molly and Jared have both sworn off holiday events. When they find themselves stuck at a Christmas-themed ranch, they have no choice but to allow their cynical hearts to melt.
Sarah Davis heads to her uncle’s struggling ranch to escape New York and the spotlight from a recent breakup. Returning home for the first time since her aunt passed, complications arise when Graham, an entitled Hollywood star, arrives at the ranch to prepare for his next film. As Sarah and Graham start to bond, Sarah may get more for Christmas than she bargained for.
A real estate developer is given the opportunity of his career to transform an old shopping complex into a prime location. Unfortunately, there is one tenant who is holding out—the Christmas shop owner he met by happenstance just days ago.
A military widow, whose faith in Christmas has lapsed, rents an apartment to a handsome Army Captain, recovering from an injury in battle, and whose faith in Christmas is inspirational. As they team up to save the town’s military museum with a Christmas fundraising event, these two ‘wounded birds’ find themselves falling in love — and being healed by the magic of Christmas.
When Lacey takes a rare break from work for her friend Avas Christmas Eve wedding, she reconnects with her former flame, Ean. The two decorate the cottage where the newlyweds will spend their honeymoon – a cottage said to bring true love to anyone who stays there – and feel their chemistry return.
Emily James, nowyears old and considered a relic in the world of figure skating, gets an improbably shot to reclaim skating glory when a young coach sees greatness in her. Together, they find their love of skating goes beyond the ice.
Allie, a veterinarian in Evergreen, reluctantly will spend Christmas with her long-distance boyfriend. Bound for the airport, she has engine trouble, and Ryan, headed to Florida with his daughter Zoe, stops to help. Sure they won’t meet again, they ignore their attraction, and part ways. At the diner, Zoe wishes on a snow globe, and a storm seems to grant her wish.
Sophie Bennett begins a new holiday tradition of spending every holiday at the Evergreen Inn and Ski Lodge, which she inherited from her parents. Evergreen Inn is a special place filled with people who cannot make it home for the holidays or who have had such wonderful experiences that it has become their home-away-from-holiday-home. This Christmas, Sophie will meet an unforgettable family, and her own life will be forever changed.
While on a last-minute European holiday, a young woman finds herself in the middle of a real-life fairy tale when a chance meeting with a handsome local leads to something more. However, things get complicated when she learns that the localis actually a prince who is about to be crowned King, and whose mother is dead-set against her royal sons romance with the tourist.
A doctor returns home for Christmas to find that her father has decided to retire from his own practice. After reuniting with her high school sweetheart, she wonders if she should stay and take over her fathers practice.
Organizing a Christmas wedding is a true treat for bridal boutique owner Madeline Krug. She loves the challenge of finding the perfect dress for the bride and orchestrating an exquisite event. What Madeline didn’t expect was to be swept off her feet by the bride’s gorgeous brother, movie star, Jonny Blaze. Jonny came to the quirky town of Fool’s Gold to support his sister -- not to fall in love. Yet Madeline is the most extraordinary woman he’s ever met, and she finds the real Jonny even more captivating than her celebrity crush. Will the action star be brave enough to take on the role of a lifetime?
A young woman faces her future as a lawyer in a small New England town where the annual Christmas ice sculpting competition in which she and her father have always competed has been cancelled. Working to save the festival, she meets a reluctant sculptor who reignites her passion, in more ways than one.
Holly Khun, known to Chicago as “Miss Christmas,” always finds a beautiful tree for the plaza, but this year’s was damaged, and the lighting ceremony is indays. Hoping for a miracle, she combs through fan mail, and finds Joey McNary of Klaus, Wisconsin, has the perfect tree. Off she goes to Klaus, where she meets Joey’s handsome dad Sam.
After breaking up with her long-term boyfriend just before the holidays, passionate baker Kylie reconnects with her high school sweetheart, Nick. Thanks to their newly rekindled friendship, Kylie uses Nick’s restaurant to prepare for a gingerbread baking competition with a large cash prize that would help her open her own bakery.
Andy is a passionate artist whose family has been building Rose Parade floats for generations. When her Dad gets sick, Andy is forced to take the helm and supervise the construction and decoration of their clients float. And to make matters worse, shes saddled with the extra challenge of dealing with a demanding businessman Cliff, whose company commissioned the float.
Lizzie Richfield is at a crossroads when she lands a job as house manager for the exquisite Ashford Estate in the Virginia countryside. While planning one final Christmas Eve gala for the Marley family, Lizzie finds herself drawn to Robert—even as Kip pursues her.
After colliding with a pedestrian on her bicycle who loses his memory following the accident, Darcy Archer becomes determined to help the handsome guy figure out who he is. In the process, she finds out a lot more about who she is, what she wants from life, and how this too-good-to-be-true guy might just be the man she’s been waiting to bump into all her life.
Advertising execs Melanie Welsh and Donovan Goodwin disagree on a cellphone Christmas commercial they’re pitching. He says his sleek design will win over the client but she knows it lacks holiday spirit.
When aspiring romance novelist Kim Rossi is unceremoniously dumped by her soon-to-be-published romance novelist boyfriend, Kim takes stock and decides to take a leap. She signs up for a romance writing retreat at a quaint Vermont Inn shortly before Christmas, where a top romance novelist is scheduled to attend and read the work of one lucky writer. Shortly after arriving, she crosses paths with Zeke, whom she initially finds to be intrusive and, naturally, ends up being her assignment partner. Worse yet, her ex is also at the retreat. Despite these bumps in the road, Kim steps outside her comfort zone and plunges into the writing exercises, surprising herself. Equally unexpected is the attraction that seems to be building between her and Zeke that promises to take her down a road she never imagined traveling. Based on the book by Richard Paul Evans.
Christmas is a busy, busy time for the residents of Green River, particularly for Grace Long, the third generation of her family to steward the New England town’s signature Christmas Eve parade. This year’s audience for the parade promises to be in the millions, thanks to a national morning show that has chosen Green River as the site of its Christmas Eve day program.
Forced to take the intercontinental trip to Los Angeles by train, and determined to chronicle his adventure, disillusioned journalist Tom Langdon finds himself westbound with a variety of characters. While all passengers on the Christmas train appear to be headed for the same destination, Tom has no idea that the rugged locomotives taking him across America will instead detour straight into his heart.
Identical twins Kate and Chris Lockhart plot to be the other sister -- at Kate’s office and Chris’ school – and take on planning their sister’s Christmas events. One rule, though: no romance.
Weeks before Christmas, interior designer Laura is sent to her hometown of Santa Fe, New Mexico to remodel a landmark hotel. As Laura is kept busy with the renovations, her -year-old daughter Nicole is introduced to the art of salsa dancing at a local dance studio. Laura is surprised to find that the studio’s owner is Ricardo, her old high school sweetheart and former salsa dance partner. When Laura and Ricardo reconnect, sparks fly on and off the dance floor. The beautiful Christmas traditions of New Mexico become the backdrop for spirited dancing and unexpected romance.
With only one week to prepare, Lisa Patterson and her family of party planners are given the biggest job in their company’s history: a New Year’s Eve party for tech entrepreneur Megan Clark. But when her brother breaks his leg and her parents head off on a planned vacation, Lisa must reluctantly enlist the help of her brother’s visiting college buddy, David Campos, to help her pull off the event which just so happens to fall on her favorite day of the year. But what Lisa didn’t plan on was falling in love in the process.
Captain Grace Garland, a decorated U.S. veteran, returns home after two tours of Search and Rescue in Afghanistan. After being separated from her beloved K partner, Grace must rediscover the magic of Christmas. When she finds herself stranded in the town of River’s Crossing a couple weeks before Christmas, the local judge, Joe Peterson, offers her a place to stay on his property and takes it upon himself to show Grace everything she has been missing; Christmas, family, community, and love.
As Christmas approaches, Amelia Hughes, a career-focused Chicago app developer lacking in holiday spirit, returns to her small hometown of Christmas Creek to rediscover the meaning of Christmas. There, she reunites with her childhood best friend Mike and her estranged uncle Harry, whose mysterious rift with Amelia’s father divided her family during the holiday season when she was a child.
As Christmas approaches, Paula, a St. Louis antique appraiser, reluctantly accepts a marriage proposal from her boyfriend, Daniel, a career-focused attorney. When her Aunt Jane senses she has mixed emotions over the engagement, she invites Paula to her Nantucket home. Upon her arrival, Paula plans a trip to the nearby island of Marthas Vineyard where she meets a charming inn owner.
When widowed mom Megan returns home for Christmas, she and her two sisters Audrey and Bethany are surprised to learn their parents are selling their childhood home, making this their last Christmas together in Vermont. Megan is even more surprised to discover that the buyer is her high school sweetheart, Nash, who plans to use the house as an investment property.
Sydney Ragsdale, recently divorced, decides to spend Christmas in a house she inherited with her young daughter. As Sydney begins to spend more time at the local bookstore, she meets a teacher, Mac, who also fills in for the town Santa. Mac tries to make Christmas wishes come true, and this year Sydney is at the top of his ‘nice’ list. As a new opportunity with the bookstore unfolds, Mac helps Sydney open herself up to life, love, and believing in the spirit of Christmas again.
Heidi, who initially left her small town of Pleasant Valley with the dream of one day becoming a successful painter, has put her own art on hold to excel as an art gallery curator. Now, a week before the gallery’s big Christmas party, she must return home to watch her niece and nephew. She comes face to face with her high school love, Chris, now a teacher, and offers to help him find a new last-minute location for the Christmas dance.
Zoey Hathaway has been working towards her lifelong goal of being a pilot for years, but everything is thrown off-course when she unexpectedly inherits a reindeer farm, along with the dangerously handsome ranch hand Alec Wynn. Now buried in taking care of reindeer and all the Christmas responsibilities, Zoey thinks life has delivered her a strange and cumbersome blow, and she isn’t sure about Alec, who has his own ideas how best to run things. Alec, who has never had many people have faith in him, opens up when Zoey invests trust in him, and the two find themselves falling for each other. Could they both find happiness in the most unlikely of circumstances right before Christmas?
Noelle was raised by the queen of Christmas. When she inherits her late mother’s house, she finds out that her mother had been hiring someone to decorate it — Dave. The deal is off, but Dave convinces Noelle to let him carry on the tradition. As the display goes up, Noelle’s defenses start to come down. She embraces the town’s Christmas gala that was her mother’s legacy, finds unexpected love, and develops a joy for the holidays that she never thought possible.
Famous musician Heath and small-town girl Cara are each traveling back to Oklahoma for the holidays when they get stranded in Chicago. Despite his fame, she has no idea who he is, but they hit it off—and she even ends up providing some inspiration for the Christmas song hes writing.
Author Nell Phillips’ first book has become a surprise best-seller of the Christmas season. Nell’s last stop on a nationwide book tour takes her to the town of Springdale, the hometown of Emmett Turner, a young man she met over five years ago while both were junior copy editors at a New York publishing company. Nell was hurt when Emmett stood her up for a dinner date and then disappeared from New York without any explanation. As Nell is quick to admit, Emmett’s colorful, nostalgic anecdotes about Springdale inspired her to write this book that is shaping her life and especially this holiday season.
Lifestyle guru and romance expert, Joanna Moret, has developed a fool-proof strategy for ending holiday loneliness and its all detailed in her best-selling book, The Love Audit. After appearing on a morning show, she is offered the biggest opportunity of her career—to throw the MacAllen Holiday Gala—and if all goes well she'll get her own TV show. Little do her fans, or the MacAllens, know that she is newly single and can't seem to apply her principles to her own love life. Joanna asks the morning show producer, Ted to pretend they are a couple or risk being exposed as a fraud.
Burned out from the hubbub of the Chicago gallery world, artist Kelly returns home to the picturesque Grand Valley just in time for Christmas. Leo, businessman and all-star dad to his children, struggles to balance his time this holiday season. When he is assigned to review a hotel in Grand Valley for its value, he sees this as the perfect opportunity for a Christmas family vacation. It isn’t long until Kelly and Leo’s worlds collide.
Samantha, a freelance photographer, is returning to Cape Cod for the first time since the death of her mother years earlier. She’s going to celebrate her father’s Christmas Eve wedding but is anxious to revisit past memories. On a deadline for a big Christmas spread that could ignite her career, she enlists the help of her childhood friend, Mike, to show her around. In the time she spends in Cape Cod, she realizes that Christmas is wherever your family is.
When architect and Christmas amateur Steven finds himself hosting his family for Christmas, he recruits holiday coordinator Gretchen to bring holiday joy to his home. Gretchen’s expert Christmas spirit brings Steven’s family together, but neither expected it to bring them closer to each other. After a great opportunity presents itself to Gretchen, she and Steven must decide what’s really important in life.
Told she would have less than a few months to live without a liver transplant, Heather Krueger’s time was running out when a kind stranger, Chris Dempsey, heard of her plight and discovered he was a perfect match. The two met and before long a friendship developed into romance. The movie follows Heather and Chris’ journey over three Christmases as his selfless gesture leads to a Christmas miracle for everyone involved. Based on a true story.
Successful architect Taylor Scott is poised for a promotion and a move to Paris but before that’s decided, her boss tasks her with creating a life-sized gingerbread house for a holiday competition. She partners with pastry chef Adam Dale, and though their styles are different, they form a deep connection working together.
When Elle Bennet decides to reunite her college friends for a special Christmas celebration, her plans are thwarted by an opportunity at work she can’t pass up -- spearheading a Christmas campaign relaunch to prove she’s ready for a career-altering promotion. Much to her surprise, she’s forced to team up with advertising campaign 'fixer' Max, who has a completely different take on the Holidays. But as Elle and Max work together and learn more about each other’s Christmas traditions, they unexpectedly find themselves falling for each other. With the help of a little Christmas magic, will Elle pull off the perfect Christmas reunion and find the love she’s been searching for?
Ellie Hartman is an aspiring crafter working in her small town’s bakery making famous Christmas Kringles. When the new, big-city CEO Nick Carlingson visits the bakery, he arrives filled with modernization ideas destined to lay off many employees.
Candace, daughter of lifestyle mogul Liz Livingstone, has never lived up to her mother’s standards. When a young girl posts a video begging Liz to help arrange a special Christmas party, Candace is sent in her place. As she struggles to prove herself worthy of running the company, Candace meets—and begins falling for—the girl’s uncle, a reporter writing an expose on her.
As Christmas approaches, Elizabeth Bennett, a New York event planner is sent to a quaint, small town to organize a holiday festival. When she arrives, she finds William Darcy, a high-profile billionaire lacking in holiday spirit, in the process of selling the charming estate she hoped to use as a venue. Elizabeth persuades the reluctant Darcy to let her hold the festival on the historical estate and, before long, the unlikely pair begins falling for each other.
Joy Holbrook, is a corporate market researcher, gunning for a promotion within her firm. Just as her companys CEO is taking notice, Joy finds out her Aunt Ruby has broken her ankle and will be undergoing surgery. Despite the less than opportune timing, Joy makes her way back home to Crystal Falls, NC to be with her Aunt. Stars seem to be aligned as Joy sees her former crush, Ben Andrews, while at the hospital. At first, Joy is focused solely on helping her Aunt heal; even taking over her position as chair of the local Cookie Crawl competition. Eventually, she begins to let Ben in and remembers theres no place like home for the holidays. The pair work together on the Cookie Crawl to make the event a success.
Los Angeles television producer Maggie Baker unwittingly falls for Danny Wise, the son and former producer of his mother’s popular annual Christmas special Julia Wise Lifestyle. When Maggie’s secret plan to reunite Danny and his two brothers with Julia during the live broadcast in Vermont goes awry, Maggie is reminded that above all, it is the love for family and friends that makes the merriest of Christmas.
 Interim school superintendent Eve Morgan finds herself in a tough spot when she is assigned to shut down a schools failing music program and must come to terms with here musical past.
Laurel, a Chicago-based business executive, travels to Memphis to secure one of the citys oldest family-owned banks. While in Memphis, Laurel reunites with old flame Clay, a local music promoter with loftier aspirations. Though Laurel tries to keep her eye on the prize of the business acquisition, Clay is very persuasive reminding her of the days when they were a performing duo on the brink of stardom. Now Laurels focus turns to the home of the Blues and dreams of making music again.
Lisas trip home to Evergreen for the holidays finds her shepherding an effort to save the towns beloved general store, fulfilling the wishes of a Christmas past and finding a romance full of Christmas magic.
Frazzled and struggling with writer’s block, novelist Samantha, along with her boyfriend, heads home to her late grandmother’s home to spend Christmas. While at home with family, her grandmother’s wise words reveal the true meaning of Christmas with Samantha at a time when she most needs encouragement.
Darcy has always worked hard to prove herself and be successful on her own terms, even choosing to start her own company, rather than work with her father. Returning to her hometown for Christmas, Darcy reconnects with an old rival, restaurant owner Luke, and they are forced to plan a charity event together. As Darcy spends time with her family and Luke, she starts to realize what matters most in life and sets out to mend her relationship with her father, and possibly fall in love.
Christmas is fast approaching and years of long workdays employed at New York’s top corporate law firm are about to pay off now that Lucy Toomey will be made partner after the New Year. However, when Alice, her older sister with special needs, unexpectedly passes away, Lucy returns back to Nilson’s Bay, Wis., to attend the funeral and handle her estate. While Lucy dreads returning to her childhood home, she also feels real sorrow that she was too busy to take her sister’s last call. Once back in Nilson’s Bay, Lucy meets Peter, her old high school sweetheart and Alice’s former attorney, who informs her of the terms of Alice’s eccentric will that states in order for Lucy to inherit the family home, she must live there fordays through the holidays.
As Christmas approaches, a department store worker whose life lacks fulfillment meets her guardian angel, who offers her a chance to change her circumstances by magically transporting her to Christmases past whenever she tries on a new pair of shoes.
Molly is determined to prove to her family that her new networking app—designed to pair busy professionals together for upcoming events, without long-term romance—is a success. When Molly joins Mingle All the Way and is matched with Jeff, they are both horrified to realize they’ve already had not one, but two disastrous previous encounters.
Christmas in the charming town of Briar Falls will be bittersweet this year when architect Nell goes back to her hometown having been given the job of turning the historic Majestic Playhouse into a modern multiplex, much to the town’s objections. The Playhouse has been home to their annual Christmas tableaux, which will now have to end after a long and historic tradition to the town. This job is Nell’s first promotion, and one she wishes she hadn’t been chosen for, especially when she meets the new owner of the theater, Connor, whose vision and ideas clash with Nell’s. Since Connor hasn’t had much experience celebrating Christmas, Nell hopes that if she can give him a crash course in Christmas during the town’s Twelve Day Festival, that he might just change his mind about modernizing the Majestic.
After stepping down as CEO of her dream job, Maddie heads home for the holidays to gain perspective. She finds herself running into her old high school sweetheart Carter, and tensions quickly arise. When forced to put together a Christmas dance for the local high school, Carter and Maddie find themselves putting their differences aside and rediscover what made them fall in love all those years ago.
Resort developer Madison Lane is tasked with finding a location for a new ski resort. Her boss tells her to take a trip to Christmas, Colorado, to consider the location. On her way into town, Madison has a minor fender-bender with the town’s welcome sign. Town Sheriff Gage McBride gives Madison a ride into town so she can attend her meeting with the mayor while the car is towed and repaired. Little does Madison know that the town is on a mission to convince Madison that Christmas is the best place for the new ski resort.
Katie, a former professional ice skater, is hired by the king of San Senova, Alexander, to help his daughter in a Christmas ice skating performance. As Katie spends time in the castle and with the king, she and Alex begin to develop feelings for each other and ultimately fall in love. But will the tradition-loving people of San Senova allow their king to make a foreigner their queen?
Hotel manager Willow returns to her stunning Virginia hometown to help her sister plan a Christmas wedding at the inn her family once owned. She must work with current owner and single dad David, who wants to let go of the past.
A woman and a soldier exchange letters for a year before their worlds collide.
Dr. Sharon Hayes searches for a beloved family heirloom in a small Christmas town. When she unexpectedly discovers an adorable little girl and her disheartened father, she realizes that Christmas miracles really do happen.
When a New England Christmas decorating competition searches for the town with the most Christmas spirit, the Mayors of East and West Riverton go all out to get their towns to the top of the holiday heap.
Corey Calvin lives in a ski village where she works at her late fathers local antique shop, having sidelined her her big city dreams of becoming a theater director. When Los Angeles hunk Ryder Donnelly comes into her shop, sparks fly and she starts to wonder what could be.
AsChristmas approaches in Hope Valley, Elizabeth prepares for Little Jack’s first Christmas and birthday surrounded by her closest friends, but she misses Jack more than ever. Nathan receives a prestigious job offer in Union City but weighs the promotion against the downside of leaving Elizabeth and taking his niece away from Hope Valley. Lucas holds a Christmas festival to bring some of his family’s traditions to Hope Valley… and to
Told she would have less than a few months to live without a liver transplant, Heather Krueger’s time was running out when a kind stranger, Chris Dempsey, heard of her plight and discovered he was a perfect match. The two met and before long a friendship developed into romance. The movie follows Heather and Chris’ journey over three Christmases as his selfless gesture leads to a Christmas miracle for everyone involved. Based on a true story.
When Anne helps her father close the familys toy store, what she finds will help inspire an entire town that is need of some Christmas cheer.
Multiple coincidences and a chance meeting bring together Alice and Jack, two strangers from very different family backgrounds, for an unexpected Christmastime courtship filled with personal revelations, misread signals, and a very real health scare that will either destroy or strengthen the budding romance.
When Lucy wakes up with a wedding dress in hand, she believes that she is late to her wedding with her ex-boyfriend Zac. However, she has no recollection of the pastyears, including the fact that she is engaged to another man.
When country star Melody Jones is accused of plagiarizing her holiday single, she returns home to spend Christmas with her estranged family and old flame and learns what is important in life.
Christmas enthusiast party planners Ellaand her sister, Marianne, clash with their client, Edward, who is a not-so-jolly toy company CEO.
Country singer Charlotte is home for the holidays and brother Ryans fellow ex-soldier Matt is in town. Writing her new album, Charlotte works with Matt to build a house for a friend in town.